{
  "note": "OOS validation (825 daily TOP1 picks, 5 windows) 기반 보정 매핑",
  "n_samples": 825,
  "targets": {
    "p_loss": {
      "x": [
        0.0,
        0.05,
        0.1,
        0.15000000000000002,
        0.2,
        0.25,
        0.30000000000000004,
        0.35000000000000003,
        0.4,
        0.45,
        0.5,
        0.55,
        0.6000000000000001,
        0.65,
        0.7000000000000001,
        0.75,
        0.8,
        0.8500000000000001,
        0.9,
        0.9500000000000001,
        1.0
      ],
      "y": [
        0.0,
        0.0,
        0.0,
        0.06610308257147951,
        0.1368421052631579,
        0.1457286432160804,
        0.16447368421052633,
        0.16447368421052633,
        0.16666666666666666,
        0.16666666666666666,
        0.16666666666666666,
        0.16666666666666666,
        0.16666666666666666,
        0.16666666666666666,
        0.16666666666666666,
        0.16666666666666666,
        0.16666666666666666,
        0.16666666666666666,
        0.16666666666666666,
        0.16666666666666666,
        0.16666666666666666
      ]
    },
    "p_10plus": {
      "x": [
        0.0,
        0.05,
        0.1,
        0.15000000000000002,
        0.2,
        0.25,
        0.30000000000000004,
        0.35000000000000003,
        0.4,
        0.45,
        0.5,
        0.55,
        0.6000000000000001,
        0.65,
        0.7000000000000001,
        0.75,
        0.8,
        0.8500000000000001,
        0.9,
        0.9500000000000001,
        1.0
      ],
      "y": [
        0.0,
        0.3576315789473688,
        0.6,
        0.6666666666666666,
        0.7668107336536354,
        0.8910411622276029,
        0.8910411622276029,
        0.8910411622276029,
        0.8910411622276029,
        0.8910411622276029,
        0.8910411622276029,
        0.8910411622276029,
        0.8910411622276029,
        0.8910411622276029,
        0.8910411622276029,
        0.8910411622276029,
        0.8910411622276029,
        0.8910411622276029,
        0.9061224489795918,
        0.9285714285714286,
        0.9736842105263158
      ]
    },
    "p_30plus": {
      "x": [
        0.0,
        0.05,
        0.1,
        0.15000000000000002,
        0.2,
        0.25,
        0.30000000000000004,
        0.35000000000000003,
        0.4,
        0.45,
        0.5,
        0.55,
        0.6000000000000001,
        0.65,
        0.7000000000000001,
        0.75,
        0.8,
        0.8500000000000001,
        0.9,
        0.9500000000000001,
        1.0
      ],
      "y": [
        0.0,
        0.5,
        0.5,
        0.5,
        0.5,
        0.5,
        0.5995330028547717,
        0.6405228758169934,
        0.6405228758169934,
        0.6405228758169934,
        0.6405228758169934,
        0.6405228758169934,
        0.8095975232198143,
        0.8095975232198143,
        0.8095975232198143,
        0.8095975232198143,
        0.8095975232198143,
        0.8095975232198143,
        0.8095975232198143,
        0.8095975232198143,
        1.0
      ]
    },
    "p_50plus": {
      "x": [
        0.0,
        0.05,
        0.1,
        0.15000000000000002,
        0.2,
        0.25,
        0.30000000000000004,
        0.35000000000000003,
        0.4,
        0.45,
        0.5,
        0.55,
        0.6000000000000001,
        0.65,
        0.7000000000000001,
        0.75,
        0.8,
        0.8500000000000001,
        0.9,
        0.9500000000000001,
        1.0
      ],
      "y": [
        0.0,
        0.18181818181818182,
        0.25,
        0.37613833645326356,
        0.5434782608695652,
        0.5434782608695652,
        0.5434782608695652,
        0.5434782608695652,
        0.5434782608695652,
        0.6736842105263158,
        0.6736842105263158,
        0.7157622739018088,
        0.7157622739018088,
        0.7157622739018088,
        0.7157622739018088,
        0.7157622739018088,
        0.7246376811594203,
        0.7246376811594203,
        0.8571428571428571,
        0.8571428571428571,
        1.0
      ]
    },
    "p_100plus": {
      "x": [
        0.0,
        0.05,
        0.1,
        0.15000000000000002,
        0.2,
        0.25,
        0.30000000000000004,
        0.35000000000000003,
        0.4,
        0.45,
        0.5,
        0.55,
        0.6000000000000001,
        0.65,
        0.7000000000000001,
        0.75,
        0.8,
        0.8500000000000001,
        0.9,
        0.9500000000000001,
        1.0
      ],
      "y": [
        0.0,
        0.0,
        0.0,
        0.3333333333333333,
        0.3364485981308411,
        0.3364485981308411,
        0.4,
        0.47058823529411764,
        0.5892351274787535,
        0.5892351274787535,
        0.5892351274787535,
        0.5892351274787535,
        0.613138686131387,
        0.613138686131387,
        0.613138686131387,
        0.613138686131387,
        0.7837837837837838,
        0.7837837837837838,
        0.7837837837837838,
        0.7837837837837838,
        0.7837837837837838
      ]
    },
    "p_sw": {
      "x": [
        0.0,
        0.05,
        0.1,
        0.15000000000000002,
        0.2,
        0.25,
        0.30000000000000004,
        0.35000000000000003,
        0.4,
        0.45,
        0.5,
        0.55,
        0.6000000000000001,
        0.65,
        0.7000000000000001,
        0.75,
        0.8,
        0.8500000000000001,
        0.9,
        0.9500000000000001,
        1.0
      ],
      "y": [
        0.0,
        0.1282051282051282,
        0.1282051282051282,
        0.21212121212121213,
        0.2857142857142857,
        0.368421052631579,
        0.368421052631579,
        0.368421052631579,
        0.4369747899159664,
        0.4369747899159664,
        0.4369747899159664,
        0.5176470588235295,
        0.5176470588235295,
        0.5176470588235295,
        0.5176470588235295,
        0.5176470588235295,
        0.5178682937997511,
        0.5833333333333334,
        0.5833333333333334,
        0.5833333333333334,
        0.5833333333333334
      ]
    }
  }
}