{
  "computed_at": "2026-05-22 11:26:23",
  "n_total_evaluations": 100,
  "top3_combinations": [
    {
      "phase": "refine_s5.0",
      "weights": [
        26.375633160625522,
        0.0,
        0.0,
        0.0,
        0.8373889171591687,
        50.56854960038076,
        0.0,
        9.618657286742506,
        6.405447882795729,
        0.0,
        6.194323152296306,
        0.0
      ],
      "n_trades": 1502,
      "n_oos": 751,
      "is_score": 0.64,
      "oos_score": 0.857,
      "oos_avg": 0.458,
      "oos_win_rate": 58.85,
      "oos_total": 344.04,
      "oos_sharpe": 3.928,
      "oos_max_gain": 9.76,
      "oos_max_loss": -12.46,
      "stability": 0.66
    },
    {
      "phase": "refine_s5.0",
      "weights": [
        28.497365641451506,
        0.0,
        1.2342201070943821,
        0.0,
        0.0,
        48.97670549422363,
        0.0,
        7.952282626860329,
        0.0,
        0.08608150927418406,
        0.0,
        13.253344621095966
      ],
      "n_trades": 1502,
      "n_oos": 751,
      "is_score": 0.953,
      "oos_score": 0.853,
      "oos_avg": 0.479,
      "oos_win_rate": 58.19,
      "oos_total": 359.79,
      "oos_sharpe": 4.001,
      "oos_max_gain": 10.15,
      "oos_max_loss": -6.62,
      "stability": 0.895
    },
    {
      "phase": "refine_s2.5",
      "weights": [
        11.229502387556616,
        0.0,
        2.091305435346689,
        4.630674278419625,
        0.5966823604520043,
        0.0,
        20.48327174267221,
        4.959582374695402,
        3.418613497560355,
        0.0,
        50.905835068998925,
        1.6845328542981721
      ],
      "n_trades": 1381,
      "n_oos": 691,
      "is_score": 0.453,
      "oos_score": 0.829,
      "oos_avg": 0.5,
      "oos_win_rate": 58.47,
      "oos_total": 345.31,
      "oos_sharpe": 3.849,
      "oos_max_gain": 14.86,
      "oos_max_loss": -9.56,
      "stability": 0.17
    }
  ],
  "top10_combinations": [
    {
      "phase": "refine_s5.0",
      "weights": [
        26.375633160625522,
        0.0,
        0.0,
        0.0,
        0.8373889171591687,
        50.56854960038076,
        0.0,
        9.618657286742506,
        6.405447882795729,
        0.0,
        6.194323152296306,
        0.0
      ],
      "n_trades": 1502,
      "n_oos": 751,
      "is_score": 0.64,
      "oos_score": 0.857,
      "oos_avg": 0.458,
      "oos_win_rate": 58.85,
      "oos_total": 344.04,
      "oos_sharpe": 3.928,
      "oos_max_gain": 9.76,
      "oos_max_loss": -12.46,
      "stability": 0.66
    },
    {
      "phase": "refine_s5.0",
      "weights": [
        28.497365641451506,
        0.0,
        1.2342201070943821,
        0.0,
        0.0,
        48.97670549422363,
        0.0,
        7.952282626860329,
        0.0,
        0.08608150927418406,
        0.0,
        13.253344621095966
      ],
      "n_trades": 1502,
      "n_oos": 751,
      "is_score": 0.953,
      "oos_score": 0.853,
      "oos_avg": 0.479,
      "oos_win_rate": 58.19,
      "oos_total": 359.79,
      "oos_sharpe": 4.001,
      "oos_max_gain": 10.15,
      "oos_max_loss": -6.62,
      "stability": 0.895
    },
    {
      "phase": "refine_s2.5",
      "weights": [
        11.229502387556616,
        0.0,
        2.091305435346689,
        4.630674278419625,
        0.5966823604520043,
        0.0,
        20.48327174267221,
        4.959582374695402,
        3.418613497560355,
        0.0,
        50.905835068998925,
        1.6845328542981721
      ],
      "n_trades": 1381,
      "n_oos": 691,
      "is_score": 0.453,
      "oos_score": 0.829,
      "oos_avg": 0.5,
      "oos_win_rate": 58.47,
      "oos_total": 345.31,
      "oos_sharpe": 3.849,
      "oos_max_gain": 14.86,
      "oos_max_loss": -9.56,
      "stability": 0.17
    },
    {
      "phase": "refine_s5.0",
      "weights": [
        23.475406903751615,
        7.465248540000238,
        0.7484614604964631,
        4.859238947946812,
        3.5174652540519062,
        39.833537453300075,
        4.006517213530633,
        0.0,
        0.0,
        0.0,
        10.028410083740878,
        6.065714143181368
      ],
      "n_trades": 1502,
      "n_oos": 751,
      "is_score": 0.627,
      "oos_score": 0.808,
      "oos_avg": 0.436,
      "oos_win_rate": 58.59,
      "oos_total": 327.55,
      "oos_sharpe": 3.736,
      "oos_max_gain": 10.64,
      "oos_max_loss": -7.8,
      "stability": 0.713
    },
    {
      "phase": "refine_s2.5",
      "weights": [
        7.1520225449276404,
        1.2858215282155552,
        0.0,
        0.0,
        13.718471031732394,
        17.544515983948088,
        12.251567816685906,
        7.909235285977541,
        1.7245295646251282,
        0.0,
        32.74509282244449,
        5.668743421443258
      ],
      "n_trades": 1489,
      "n_oos": 745,
      "is_score": 0.613,
      "oos_score": 0.795,
      "oos_avg": 0.454,
      "oos_win_rate": 58.66,
      "oos_total": 338.05,
      "oos_sharpe": 3.668,
      "oos_max_gain": 14.86,
      "oos_max_loss": -7.47,
      "stability": 0.703
    },
    {
      "phase": "refine_s2.5",
      "weights": [
        0.0,
        6.797864102257681,
        0.0,
        4.8057700360668045,
        6.27814772565424,
        16.653833451557755,
        18.945989530924486,
        2.1505493800553714,
        12.257010033028202,
        2.3709131885988612,
        19.594603011228784,
        10.145319540627815
      ],
      "n_trades": 1499,
      "n_oos": 750,
      "is_score": 0.613,
      "oos_score": 0.795,
      "oos_avg": 0.44,
      "oos_win_rate": 58.53,
      "oos_total": 329.74,
      "oos_sharpe": 3.682,
      "oos_max_gain": 10.9,
      "oos_max_loss": -7.47,
      "stability": 0.704
    },
    {
      "phase": "refine_s10.0",
      "weights": [
        20.209434165427822,
        16.573433373109495,
        0.0,
        4.242046271129469,
        0.0,
        50.92415901575366,
        8.050927174579556,
        0.0,
        0.0,
        0.0,
        0.0,
        0.0
      ],
      "n_trades": 1502,
      "n_oos": 751,
      "is_score": 0.765,
      "oos_score": 0.785,
      "oos_avg": 0.466,
      "oos_win_rate": 56.19,
      "oos_total": 349.78,
      "oos_sharpe": 3.946,
      "oos_max_gain": 9.76,
      "oos_max_loss": -6.62,
      "stability": 0.974
    },
    {
      "phase": "refine_s2.5",
      "weights": [
        4.79474186280762,
        2.90763344924384,
        0.0,
        2.0425230347696544,
        1.7157464449682622,
        14.03001926004489,
        27.970495194728905,
        9.395309554099326,
        13.131934499044476,
        0.0,
        10.277782168535614,
        13.73381453175741
      ],
      "n_trades": 1499,
      "n_oos": 750,
      "is_score": 0.507,
      "oos_score": 0.785,
      "oos_avg": 0.471,
      "oos_win_rate": 57.87,
      "oos_total": 353.61,
      "oos_sharpe": 3.721,
      "oos_max_gain": 12.64,
      "oos_max_loss": -6.62,
      "stability": 0.452
    },
    {
      "phase": "refine_s10.0",
      "weights": [
        0.0,
        8.223909893607521,
        4.629874703403486,
        2.1034966050899366,
        0.0,
        8.441509077109629,
        32.80941533019308,
        0.0,
        14.350726228203511,
        0.17143296412445286,
        15.51918442990273,
        13.750450768365635
      ],
      "n_trades": 1494,
      "n_oos": 747,
      "is_score": 0.598,
      "oos_score": 0.784,
      "oos_avg": 0.465,
      "oos_win_rate": 59.04,
      "oos_total": 347.67,
      "oos_sharpe": 3.571,
      "oos_max_gain": 14.86,
      "oos_max_loss": -8.45,
      "stability": 0.69
    },
    {
      "phase": "refine_s2.5",
      "weights": [
        7.894448405258577,
        1.851462062776536,
        4.863059943046424,
        4.923345500509653,
        0.7166785672115981,
        3.9615999077935324,
        18.793819510177304,
        4.0764399675169525,
        5.047918281407888,
        0.0,
        47.31328998590285,
        0.5579378683986933
      ],